Titolo;Anno;Incasso ($);Franchise;Ambientazione;Tipo;Tomatometer (%);Popcornmeter (%);Classico
Avengers: Endgame;2019;2748242781;Marvel;United States of America;Live Action;94;90;No
Star Wars Ep. VII: The Force Awakens;2015;2056046835;LucasFilm;Null;Live Action;93;84;No
Avengers: Infinity War;2018;2048359754;Marvel;United Kingdom;Live Action;85;92;No
Spider-Man: No Way Home;2021;1922624170;Marvel;United States of America;Live Action;93;97;No
Inside Out 2;2024;1698863816;Pixar;Null;Animation;91;95;No
The Lion King;2019;1661454403;Disney;Kenya;Live Action;51;88;No
The Avengers;2012;1515100211;Marvel;United States of America;Live Action;91;91;No
Frozen II;2019;1451653316;Disney;Norway;Animation;77;92;Yes
Avengers: Age of Ultron;2015;1395316979;Marvel;United States of America;Live Action;76;82;No
Deadpool & Wolverine;2024;1338071348;Marvel;Canada;Live Action;78;94;No
Black Panter;2018;1334157082;Marvel;South Korea;Live Action;96;79;No
Star Wars Ep. VIII: The Last Jedi;2017;1322581071;LucasFilm;Null;Live Action;91;41;No
Frozen;2013;1271023300;Disney;Norway;Animation;89;85;Yes
Beauty and the Beast;2017;1268697483;Disney;France;Live Action;71;80;No
Incredibles 2;2018;1242805359;Pixar;United States of America;Animation;93;84;No
Iron Man 3;2013;1214630956;Marvel;United States of America;Live Action;79;78;No
Capitan America: Civil War;2016;1151899586;Marvel;Germany;Live Action;90;89;No
Spider-Man: Far From Home;2019;1132705055;Marvel;Italy;Live Action;91;95;No
Capitan Marvel;2019;1129576094;Marvel;United States of America;Live Action;79;45;No
Toy Story 4;2019;1071177215;Pixar;United States of America;Animation;97;94;No
Star Wars: The Rise of Skywalker;2019;1069051814;LucasFilm;Null;Live Action;51;86;No
Toy Story 3;2010;1068879522;Pixar;United States of America;Animation;98;90;No
Pirates of the Carabbean: Dead Man's Chest;2006;1066179725;Disney;Caribbean;Live Action;53;72;No
Rogue One: A Star Wars Story;2016;1055083596;LucasFilm;Null;Live Action;84;87;No
Aladdin;2019;1046587513;Disney;India;Live Action;57;94;No
Pirates of the Caribbean: On Stranger Tides;2011;1045713802;Disney;Caribbean;Live Action;32;54;No
Moana 2;2024;1036794948;Disney;Null;Animation;61;86;Yes
Alice in Wonderland;2010;1025491110;Disney;United Kingdom;Live Action;50;55;No
Zootopia;2016;1025485003;Disney;Null;Animation;98;92;Yes
Finding Dory;2016;1025006125;Pixar;United States of America;Animation;94;84;No
The Lion King;1994;988389726;Disney;Kenya;Animation;93;93;Yes
Pirates of the Caribbean: At World's End;2007;960996492;Disney;Caribbean;Live Action;43;72;No
Doctor Strange in the Multiverse of Madness;2022;952224986;Marvel;United States of America;Live Action;74;85;No
The Jungle Book;2016;951806722;Disney;India;Live Action;94;86;No
Finding Nemo;2003;936094852;Pixar;Null;Animation;99;86;No
Spider-Man: Homecoming;2017;880166924;Marvel;United States of America;Live Action;92;87;No
Guardians of the Galaxy Vol 2;2017;869087963;Marvel;Null;Live Action;85;87;No
Black Panther: Wakanda Forever;2022;853985546;Marvel;Mexico;Live Action;84;94;No
Thor: Ragnarok;2017;850482778;Marvel;Null;Live Action;93;87;No
Inside Out;2015;850309035;Pixar;United States of America;Animation;98;89;No
Guardians of the Galaxy Vol 3;2023;845163792;Marvel;Null;Live Action;82;94;No
Coco;2017;796397165;Pixar;Mexico;Animation;97;94;No
Pirates of the Caribbean: Dead Men Tell No Tales;2017;794861794;Disney;Caribbean;Live Action;30;60;No
Guardians of the Galaxy;2014;770882395;Marvel;Null;Live Action;92;92;No
Thor: Love and Thunder;2022;760928081;Marvel;United States of America;Live Action;63;76;No
Maleficent;2014;758536735;Disney;United Kingdom;Live Action;54;70;No
Monsters University;2013;743455810;Pixar;United States of America;Animation;80;81;No
Up;2009;731463377;Pixar;Venezuela;Animation;98;90;No
The Chronicles of Narnia: The Lion, the Witch a…;2005;720539572;Disney;Null;Live Action;75;61;No
Captain America: The Winter Soldier;2014;714401889;Marvel;United States of America;Live Action;90;92;No
Moana;2016;684654985;Disney;France;Animation;95;89;Yes
Doctor Strange;2016;676343174;Marvel;Nepal;Live Action;89;86;No
Pirates of the Caribbean: The Curse of the Black Pearl;2003;654310819;Disney;Caribbean;Live Action;79;86;No
Mufasa: The Lion King;2024;653010210;Disney;Kenya;Live Action;58;89;No
Big Hero 6;2014;647263005;Disney;Japan;Animation;90;91;Yes
Thor: The Dark World;2013;644602516;Marvel;United Kingdom;Live Action;67;75;No
The Incredibles;2004;631441092;Pixar;United States of America;Animation;97;75;No
Ratatouille;2007;626549695;Pixar;France;Animation;96;87;No
Iron Man 2;2010;623933331;Marvel;United States of America;Live Action;72;71;No
Ant-Man and the Wasp;2018;623144660;Marvel;Mexico;Live Action;46;81;No
Iron Man;2008;585796247;Marvel;United States of America;Live Action;94;91;No
Tangled;2010;582440151;Disney;Germany;Animation;89;87;Yes
The Little Mermaid;2023;569626289;Disney;Null;Live Action;67;94;No
Monsters, Inc.;2001;560483719;Pixar;Null;Animation;96;90;No
Cars 2;2011;560155383;Pixar;Japan;Animation;39;49;No
Brave;2012;554606532;Pixar;United Kingdom;Animation;78;75;No
Cinderella;2015;542351353;Disney;Null;Live Action;84;78;No
WALL-E;2008;532508025;Pixar;Null;Animation;95;90;No
Ralph Breaks The Internet;2018;529290830;Disney;Null;Animation;88;64;Yes
Ant-Man;2015;518858449;Marvel;United States of America;Live Action;83;85;No
Toy Story 2;1999;511358276;Pixar;United States of America;Animation;100;87;No
Aladdin;1992;504050219;Disney;India;Animation;96;92;Yes
Wreck-It Ralph;2012;496511521;Disney;United States of America;Animation;87;86;Yes
Oz the Great and Powerful;2013;490359051;Disney;Null;Live Action;56;56;No
Maleficent: Mistress of Evil;2019;489181357;Disney;Null;Live Action;40;95;No
Elemental;2023;484829737;Pixar;United States of America;Animation;73;93;No
Ant-Man and the Wasp: Quantumania;2023;463635303;Marvel;United States of America;Live Action;46;81;No
Cars;2006;461630558;Pixar;United States of America;Animation;74;80;No
National Treasure: Book of Secrets;2007;457325804;Disney;Colombia;Live Action;35;67;No
Tarzan;1999;448191819;Disney;United States of America;Animation;90;75;Yes
Beauty and the Beast;1991;438656843;Disney;France;Animation;95;93;Yes
Shang-Chi and the Legend of the Ten Rings;2021;432224634;Marvel;China;Live Action;92;98;No
The Chronicles of Narnia: Prince Caspian;2008;417341288;Disney;Null;Live Action;66;73;No
Eternals;2021;401731759;Marvel;Iraq;Live Action;47;77;No
Tron: Legacy;2010;399866199;Disney;Null;Live Action;51;64;No
Solo: A Star Wars Story;2018;393151347;LucasFilm;Null;Live Action;69;63;No
Indiana Jones and the Dial of Destiny;2023;383963057;LucasFilm;Null;Live Action;70;87;No
Cars 3;2017;383541369;Pixar;United States of America;Animation;69;68;No
Black Widow;2021;379751131;Marvel;Russia;Live Action;79;91;No
Captain America: The First Avenger;2011;370569774;Marvel;United States of America;Live Action;80;75;No
Toy Story;1995;365270951;Pixar;United States of America;Animation;100;92;No
A Bug’s Life;1998;363095319;Pixar;Null;Animation;92;73;No
Dinosaur;2000;356148063;Disney;Null;Animation;65;48;Yes
Dumbo;1941;353284621;Disney;United Kingdom;Animation;95;70;Yes
Dumbo;2019;353166307;Disney;United States of America;Live Action;46;47;No
Who Framed Roger Rabbit?;1988;351500000;Disney;United States of America;Live Action;96;85;No
Pocahontas;1995;347100000;Disney;United States of America;Animation;58;64;Yes
Mary Poppins Returns;2018;345606500;Disney;United Kingdom;Live Action;79;65;No
Enchanted;2007;340384141;Disney;United States of America;Live Action;93;80;No
Prince of Persia: Sands of Time;2010;336359676;Disney;Iran;Live Action;37;58;No
The Good Dinosaur;2015;333771037;Pixar;Null;Animation;76;64;No
National Treasure;2004;331323410;Disney;Null;Live Action;46;76;No
Bolt;2008;328015029;Disney;United States of America;Animation;90;74;Yes
The Hunchback of Notre Dame;1996;325500000;Disney;France;Animation;80;71;Yes
Disney’s A Christmas Carol;2009;315709697;Disney;United Kingdom;Animation;52;58;No
Chicken Little;2005;310043823;Disney;United States of America;Animation;37;47;Yes
101 Dalmatians;1996;304200000;Disney;United Kingdom;Live Action;39;40;No
Mulan;1998;303500000;Disney;China;Animation;92;85;Yes
G-Force;2009;292817841;Disney;United States of America;Live Action;21;40;No
John Carter;2012;282778100;Disney;Null;Live Action;52;60;No
Alice Through the Looking Glass;2016;276928112;Disney;United Kingdom;Live Action;29;48;No
High School Musical 3: Senior Year;2008;274392880;Disney;United States of America;Live Action;64;72;No
The Princess and the Frog;2009;270997378;Disney;United States of America;Animation;85;74;Yes
The Incredible Hulk;2008;264770996;Marvel;United States of America;Live Action;68;69;No
Cinderella;1950;263591415;Disney;Null;Animation;97;80;Yes
The Lone Ranger;2013;260002115;Disney;United States of America;Live Action;31;51;No
Hercules;1997;250700000;Disney;Greece;Animation;83;76;Yes
Brother Bear;2003;250397798;Disney;United States of America;Animation;37;66;Yes
Lilo & Stitch;2002;245799997;Disney;United States of America;Animation;87;78;Yes
Wish;2023;240073909;Disney;Null;Animation;48;80;Yes
Disney Planes;2013;238059569;Disney;United States of America;Animation;26;49;No
Encanto;2021;231181871;Disney;Colombia;Animation;92;93;Yes
Cruella;2021;225810063;Disney;United Kingdom;Live Action;75;97;No
Honey, I Shrunk the Kids;1989;222700000;Disney;United States of America;Live Action;76;54;No
The Little Mermaid;1989;222267614;Disney;Null;Animation;92;88;Yes
Bedtime Stories;2008;221468935;Disney;United States of America;Live Action;27;55;No
Lightyear;2022;218878024;Pixar;United States of America;Animation;74;84;No
The Sorcerer's Apprentice;2010;217986320;Disney;United States of America;Live Action;40;53;No
Into the Woods;2014;212416317;Disney;Null;Live Action;70;49;No
Jungle Cruise;2021;210469803;Disney;Null;Live Action;62;92;No
The Marvels;2023;199706250;Marvel;United States of America;Live Action;62;80;No
The BFG;2016;199646680;Disney;United Kingdom;Live Action;74;57;No
The Pacifier;2005;198006880;Disney;United States of America;Live Action;21;58;No
Christopher Robin;2018;197744377;Disney;United Kingdom;Live Action;73;83;No
The Aristocats;1970;191000000;Disney;France;Animation;64;70;Yes
The Santa Clause;1994;190506000;Disney;United States of America;Live Action;73;66;No
The Return of Jafar;1994;190000000;Disney;India;Animation;33;40;No
Aladdin and the King of Thieves;1996;190000000;Disney;India;Animation;33;50;No
Snow White and the Seven Dwarfs;1937;187171725;Disney;Null;Animation;97;78;Yes
Atlantis: The Lost Empire;2001;186049020;Disney;Null;Animation;48;55;Yes
Flubber;1997;177993801;Disney;United States of America;Live Action;24;33;No
George Of The Jungle;1997;174463257;Disney;United States of America;Live Action;55;42;No
The Santa Clause 2;2002;172844592;Disney;United States of America;Live Action;55;43;No
Meet the Robinsons;2007;170552719;Disney;United States of America;Animation;68;74;Yes
The Nutcracker and the Four Realms;2018;170024300;Disney;Null;Live Action;32;35;No
The Emperor's New Groove;2000;169630573;Disney;Peru;Animation;86;84;Yes
The Princess Diaries;2001;165334774;Disney;United States of America;Live Action;49;68;No
Freaky Friday;2003;160822438;Disney;United States of America;Live Action;88;58;No
The Muppets;2011;160461952;Disney;United States of America;Live Action;95;80;No
Planes: Fire and Rescue;2014;156399644;Disney;United States of America;Animation;44;56;No
The Haunted Mansion;2003;155750628;Disney;United States of America;Live Action;14;31;No
Cool Runnings;1993;155008909;Disney;Jamaica;Live Action;76;81;No
101 Dalmatians;1961;153302565;Disney;United Kingdom;Animation;98;76;Yes
The Game Plan;2007;146590987;Disney;United States of America;Live Action;29;69;No
Herbie: Fully Loaded;2005;144110682;Disney;United States of America;Live Action;40;39;No
The Jungle Book;1967;141843000;Disney;India;Animation;88;82;Yes
The Jungle Book 2;2003;139924202;Disney;India;Animation;19;29;No
Bridge to Terabithia;2007;137984788;Disney;United States of America;Live Action;85;70;No
Pete's Dragon;1977;137768975;Disney;United States of America;Live Action;56;60;No
Pete’s Dragon;2016;137768975;Disney;United States of America;Live Action;88;72;No
Remember the Titans;2000;136771683;Disney;United States of America;Live Action;71;93;No
The Princess Diaries 2: Royal Engagement;2004;134713435;Disney;United States of America;Live Action;26;59;No
Onward;2020;133357601;Pixar;Null;Animation;88;95;No
A Wrinkle in Time;2018;133214549;Disney;Null;Live Action;43;26;No
Eight Below;2006;120455994;Disney;Antarctica;Live Action;73;79;No
Soul;2020;120070522;Pixar;United States of America;Animation;95;88;No
Cinderella II: Dreams Come True;2002;120000000;Disney;Null;Animation;13;32;No
101 Dalmatians II: Patch's London Adventure;2003;120000000;Disney;United Kingdom;Animation;67;41;No
The Lion King 1½;2004;120000000;Disney;Kenya;Animation;76;62;No
Mulan II;2004;120000000;Disney;China;Animation;0;43;No
Snow Dogs;2002;116898028;Disney;United States of America;Live Action;26;40;No
Raya and the Last Dragon;2021;116203928;Disney;Null;Animation;93;97;Yes
Haunted Mansion;2023;114797989;Disney;United States of America;Live Action;38;84;No
Peter Pan: Return to Neverland;2002;109862682;Disney;Null;Animation;45;39;No
The Santa Clause 3: The Escape Clause;2006;107500122;Disney;Null;Live Action;17;39;No
Race to Witch Mountain;2009;105103784;Disney;United States of America;Live Action;42;44;No
Mary Poppins;1964;102299101;Disney;United Kingdom;Live Action;97;86;No
The Wild;2006;99010667;Disney;United States of America;Animation;18;36;No
Inspector Gadget;1999;97387965;Disney;United States of America;Live Action;20;18;No
The Tigger Movie;2000;96147688;Disney;Null;Animation;63;62;No
Old Dogs;2009;95104304;Disney;United States of America;Live Action;5;44;No
The Nightmare Before Christmas;1993;94564434;Disney;Null;Animation;95;92;No
Lady and the Tramp;1955;93638184;Disney;United States of America;Animation;93;80;Yes
Cinderella III: A Twist in Time;2007;92951843;Disney;France;Animation;75;61;No
Treasure Planet;2002;91800000;Disney;Null;Animation;69;72;Yes
The Lion King II: Simba's Pride;1998;90000000;Disney;Kenya;Animation;67;61;No
Peter Pan;1953;87404651;Disney;United Kingdom;Animation;78;80;Yes
The Shaggy Dog;2006;87123569;Disney;United States of America;Live Action;25;39;No
Pinocchio;1940;84300000;Disney;Italy;Animation;100;73;Yes
The Parent Trap;1998;83977418;Disney;United States of America;Live Action;87;70;No
Fantasia;1940;83320832;Disney;Null;Animation;95;83;Yes
Sky High;2005;83109359;Disney;Null;Live Action;74;57;No
Frankenweenie;2012;81150788;Disney;United States of America;Animation;87;70;No
The Rookie;2002;80491516;Disney;United States of America;Live Action;84;70;No
Muppets Most Wanted;2014;79312301;Disney;Null;Live Action;80;59;No
Home on the Range;2004;76482461;Disney;United Kingdom;Animation;52;29;Yes
Oliver & Company;1988;74151346;Disney;United States of America;Animation;53;62;Yes
Around the World in 80 Days;2004;72004159;Disney;Null;Live Action;32;34;No
Lady and the Tramp II: Scamp's Adventure;2001;72000000;Disney;United States of America;Animation;45;49;No
Holes;2003;71232214;Disney;United States of America;Live Action;78;76;No
Strange World;2022;70699728;Disney;Null;Animation;72;66;Yes
Mulan;2020;69973540;Disney;China;Live Action;71;46;No
The Kid;2000;69688384;Disney;Null;Live Action;49;49;No
102 Dalmatians;2000;66941559;Disney;United Kingdom;Live Action;30;32;No
Atlantis: Milo's Return;2003;66000000;Disney;Null;Animation;Null;24;No
Song of the South;1946;65000000;Disney;United States of America;Live Action;50;72;No
Miracle;2004;64474705;Disney;United States of America;Live Action;81;90;No
Piglet's Big Movie;2003;62870546;Disney;Null;Animation;70;64;No
Fantasia 2000;1999;60518248;Disney;Null;Animation;80;75;Yes
Secretariat;2010;60376247;Disney;United States of America;Live Action;64;76;No
Stitch! The Movie;2003;60000000;Disney;United States of America;Animation;20;50;No
Jungle 2 Jungle;1997;59925026;Disney;United States of America;Live Action;19;33;No
Honey I Blew Up the Kid;1992;58662452;Disney;United States of America;Live Action;38;24;No
Honey, I Blew Up the Kid;1992;58662452;Disney;United States of America;Live Action;38;24;No
Invincible;2006;58501127;Disney;United States of America;Live Action;71;73;No
The Lizzie McGuire Movie;2003;55534455;Disney;Italy;Live Action;41;49;No
The Odd Life of Timothy Green;2012;55249159;Disney;United States of America;Live Action;36;67;No
The Three Musketeers;1993;53661805;Disney;France;Live Action;30;62;No
The Jungle Book;1994;53508356;Disney;India;Live Action;80;56;No
Hocus Pocus;1993;51742971;Disney;United States of America;Live Action;41;72;No
The Love Bug;1968;51264000;Disney;United States of America;Live Action;78;66;No
Luca;2021;51112314;Pixar;Italy;Animation;91;84;No
College Road Trip;2008;50873923;Disney;United States of America;Live Action;13;50;No
The Mighty Ducks;1992;50752337;Disney;United States of America;Live Action;27;65;No
Mighty Joe Young;1998;50632037;Disney;United States of America;Live Action;54;41;No
Angels in the Outfield;1994;50236831;Disney;United States of America;Live Action;31;49;No
Winnie the Pooh;2011;50145607;Disney;United Kingdom;Animation;90;80;Yes
The Prince and the Pauper;1990;50000000;Disney;United Kingdom;Animation;76;70;No
Mickey's Twice Upon a Christmas;2004;50000000;Disney;Null;Animation;Null;61;No
Popeye;1980;49823037;Disney;Null;Live Action;60;39;No
The Finest Hours;2016;49252761;Disney;United States of America;Live Action;63;66;No
The Rescuers;1977;48775599;Disney;Australia;Animation;79;68;Yes
The Rescuers down Under;1990;47431461;Disney;Australia;Animation;85;68;Yes
The Little Mermaid II: Return to the Sea;2000;46000000;Disney;Null;Animation;Null;45;No
D2: The Mighty Ducks;1994;45604206;Disney;United States of America;Live Action;20;59;No
Recess: School's Out;2001;44451470;Disney;United States of America;Animation;59;56;No
The Fox and the Hound;1981;43899231;Disney;United States of America;Animation;75;78;Yes
Glory Road;2006;42799060;Disney;United States of America;Live Action;55;81;No
Homeward Bound: The Incredible Journey;1993;41833324;Disney;United States of America;Live Action;87;71;No
Man of the House;1995;40029009;Disney;United States of America;Live Action;13;33;No
Swiss Family Robinson;1960;40000000;Disney;Caribbean;Live Action;81;78;No
Mars Needs Moms;2011;39549758;Disney;Null;Animation;35;40;No
My Favorite Martian;1999;36850101;Disney;United States of America;Live Action;12;31;No
The Black Hole;1979;35841901;Disney;Null;Live Action;41;46;No
A Goofy Movie;1995;35336439;Disney;United States of America;Animation;59;71;No
Pocahontas II: Journey to a New World;1998;35000000;Disney;United Kingdom;Animation;29;28;No
White Fang;1991;34729091;Disney;United States of America;Live Action;67;63;No
Muppet Treasure Island;1996;34327391;Disney;Null;Live Action;71;77;No
The Sword in the Stone;1963;34182353;Disney;United Kingdom;Animation;66;73;Yes
Homeward Bound II: Lost in San Francisco;1996;32709423;Disney;United States of America;Live Action;56;44;No
Robin Hood;1973;32056467;Disney;United Kingdom;Animation;58;81;Yes
The Apple Dumpling Gang;1975;31916500;Disney;United States of America;Live Action;56;60;No
Herbie Rides Again;1974;31765098;Disney;United States of America;Live Action;83;54;No
The Muppet Christmas Carol;1992;31724550;Disney;United Kingdom;Live Action;78;86;No
The Many Adventures of Winnie the Pooh;1977;31500000;Disney;Null;Animation;100;87;Yes
Blank Check;1994;30700000;Disney;United States of America;Live Action;9;35;No
Beauty and the Beast: The Enchanted Christmas;1997;30000000;Disney;France;Animation;11;55;No
Mickey's Magical Christmas: Snowed in at the House of Mouse;2001;30000000;Disney;Null;Animation;Null;62;No
Mickey, Donald, Goofy: The Three Musketeers;2004;30000000;Disney;France;Animation;42;51;No
Inspector Gadget 2;2003;30000000;Disney;Null;Live Action;40;23;No
Where The Red Fern Grows;2003;30000000;Disney;United States of America;Live Action;Null;67;No
Air Bud;1997;29175259;Disney;United States of America;Live Action;48;38;No
Mr. Magoo;1997;28937192;Disney;United States of America;Live Action;9;24;No
James and the Giant Peach;1996;28921264;Disney;Null;Animation;91;66;No
20,000 Leagues Under the Sea;1954;28200000;Disney;Null;Live Action;90;74;No
The Shaggy D.A.;1976;28200000;Disney;United States of America;Live Action;50;40;No
Herbie Goes to Monte Carlo;1977;28000000;Disney;France;Live Action;60;57;No
Never Cry Wolf;1984;27668764;Disney;Canada;Live Action;100;84;No
First Kid;1996;26465920;Disney;United States of America;Live Action;20;32;No
Freaky Friday;1976;25942000;Disney;United States of America;Live Action;71;57;No
Ice Princess;2005;25732334;Disney;United States of America;Live Action;52;58;No
The Hunchback of Notre Dame II;2002;25000000;Disney;France;Animation;22;27;No
The Absent Minded Professor;1961;25000000;Disney;United States of America;Live Action;83;63;No
The Parent Trap;1961;25000000;Disney;United States of America;Live Action;89;75;No
Operation Dumbo Drop;1995;24670346;Disney;United States of America;Live Action;26;29;No
The Cat from Outer Space;1978;24500000;Disney;United States of America;Live Action;67;59;No
The Adventures of Huck Finn;1993;24103594;Disney;United States of America;Live Action;75;50;No
Tom and Huck;1995;23837227;Disney;United States of America;Live Action;25;42;No
The Great Mouse Detective;1986;23605534;Disney;United Kingdom;Animation;78;79;Yes
D3: The Mighty Ducks;1996;22936273;Disney;United States of America;Live Action;20;45;No
Son of Flubber;1963;22129412;Disney;United States of America;Live Action;88;46;No
Mickey's Once Upon a Christmas;1999;22000000;Disney;Null;Animation;50;67;No
Gus;1976;21873000;Disney;United States of America;Live Action;Null;57;No
Turning Red;2022;21521622;Pixar;Canada;Animation;95;67;No
The Black Cauldron;1985;21288692;Disney;Null;Animation;56;48;Yes
Tower of Terror;1997;21000000;Disney;United States of America;Live Action;Null;53;No
Iron Will;1994;20623071;Disney;United States of America;Live Action;67;66;No
The Apple Dumpling Gang Rides Again;1979;20500000;Disney;United States of America;Live Action;Null;53;No
Honey, We Shrunk Ourselves;1997;20300000;Disney;United States of America;Live Action;25;27;No
The Strongest Man in the World;1975;20000000;Disney;United States of America;Live Action;Null;38;No
Doug's, 1st Movie;1999;19421271;Disney;Null;Animation;28;28;No
Tuck Everlasting;2002;19344615;Disney;United States of America;Live Action;60;70;No
Davy Crockett: King of the Wild Frontier;1955;19000000;Disney;United States of America;Live Action;100;77;No
Flight of the Navigator;1986;18564613;Disney;United States of America;Live Action;85;75;No
That Darn Cat;1997;18301828;Disney;United States of America;Live Action;13;24;No
I'll Be Home for Christmas;1998;18300000;Disney;United States of America;Live Action;23;41;No
DuckTales: The Movie - Treasure of the Lost Lamp;1990;18075331;Disney;Egypt;Animation;100;69;No
An Extremely Goofy Movie;2000;18000000;Disney;United States of America;Animation;63;49;No
The Computer Wore Tennis Shoes;1969;18000000;Disney;United States of America;Live Action;57;41;No
Bedknobs and Broomsticks;1971;17900000;Disney;United Kingdom;Live Action;67;73;No
The Big Green;1995;17736619;Disney;United States of America;Live Action;0;46;No
Heavyweights;1995;17671310;Disney;United States of America;Live Action;50;77;No
Now You See Him, Now You Don't;1972;17200000;Disney;United States of America;Live Action;80;58;No
Herbie Goes Bananas;1980;17000000;Disney;Mexico;Live Action;40;36;No
The Country Bears;2002;16988996;Disney;United States of America;Live Action;29;34;No
Return from Witch Mountain;1978;16400000;Disney;United States of America;Live Action;55;39;No
The Devil and Max Devlin;1981;16000000;Disney;United States of America;Live Action;17;25;No
The Greatest Game Ever Played;2005;15468266;Disney;United States of America;Live Action;62;82;No
Rocketman;1997;15448043;Disney;United States of America;Live Action;20;72;No
Benji the Hunted;1987;15212539;Disney;Australia;Live Action;55;61;No
Haakon Haakonsen;1990;15024232;Disney;Australia;Live Action;Null;68;No
Buzz Lightyear of Star Command: The Adventure Begins;2000;15000000;Pixar;Null;Animation;Null;51;No
Tex;1982;13800000;Disney;United States of America;Live Action;85;65;No
A Kid in King Arthur's Court;1995;13747279;Disney;United Kingdom;Live Action;5;27;No
One Magic Christmas;1985;13229514;Disney;Canada;Live Action;47;68;No
Escape to Witch Mountain;1975;13000000;Disney;United States of America;Live Action;73;59;No
The Watcher in the Woods;1980;13000000;Disney;United States of America;Live Action;52;57;No
A Far Off Place;1993;12890752;Disney;United States of America;Live Action;42;69;No
The Incredible Journey;1963;12500000;Disney;Canada;Live Action;89;74;No
Blackbeard's Ghost;1968;12000000;Disney;United States of America;Live Action;82;71;No
That Darn Cat!;1965;11500000;Disney;United States of America;Live Action;94;72;No
The North Avenue Irregulars;1979;11500000;Disney;United States of America;Live Action;88;79;No
The Last Flight of Noah's Ark;1980;11000000;Disney;Null;Live Action;Null;40;No
Return to Oz;1985;10618813;Disney;United States of America;Live Action;58;71;No
Belle's Magical World;1998;10000000;Disney;France;Animation;17;71;No
Recess Christmas: Miracle on Third Street;2001;10000000;Disney;United States of America;Animation;Null;38;No
Recess: Taking the Fifth Grade;2003;10000000;Disney;United States of America;Animation;Null;64;No
Recess: All Growed Down;2003;10000000;Disney;United States of America;Animation;Null;45;No
Pollyanna;1960;10000000;Disney;United States of America;Live Action;86;79;No
The Million Dollar Duck;1971;10000000;Disney;United States of America;Live Action;17;41;No
Condorman;1981;10000000;Disney;France;Live Action;27;65;No
The Young Black Stallion;2003;9638389;Disney;Namibia;Live Action;44;66;No
The Shaggy Dog;1959;9500000;Disney;United States of America;Live Action;25;39;No
In Search of the Castaways;1962;9500000;Disney;New Zealand;Live Action;Null;63;No
The Ugly Dachshund;1966;9500000;Disney;United States of America;Live Action;Null;73;No
Follow Me, Boys!;1966;9500000;Disney;United States of America;Live Action;Null;77;No
Never a Dull Moment;1968;9500000;Disney;United States of America;Live Action;Null;51;No
The Journey of Natty Gann;1985;9468512;Disney;United States of America;Live Action;91;77;No
Sleeping Beauty;1959;9464608;Disney;Null;Animation;90;80;Yes
The Barefoot Executive;1971;9000000;Disney;United States of America;Live Action;83;48;No
White Fang 2: Myth of the White Wolf;1994;8752399;Disney;United States of America;Live Action;71;47;No
The Happiest Millionaire;1967;8700000;Disney;United States of America;Live Action;50;81;No
The Boatniks;1970;8500000;Disney;United States of America;Live Action;Null;54;No
Snowball Express;1972;8500000;Disney;United States of America;Live Action;Null;60;No
Something Wicked This Way Comes;1983;8200000;Disney;United States of America;Live Action;59;64;No
Old Yeller;1957;8000000;Disney;United States of America;Live Action;100;79;No
The World's Greatest Athlete;1973;8000000;Disney;United States of America;Live Action;Null;35;No
The Island at the Top of the World;1974;8000000;Disney;Null;Live Action;50;47;No
No Deposit, No Return;1976;8000000;Disney;United States of America;Live Action;Null;66;No
Tall Tale: The Unbelievable Adventures of Pecos Bill;1995;8000000;Disney;United States of America;Live Action;48;52;No
Cheetah;1989;7882250;Disney;Kenya;Live Action;43;54;No
Babes in Toyland;1961;7500000;Disney;Null;Live Action;36;59;No
Charley and the Angel;1973;7500000;Disney;United States of America;Live Action;Null;33;No
Treasure of Matecumbe;1976;7400000;Disney;United States of America;Live Action;Null;48;No
Pinocchio;2022;7400000;Disney;Italy;Live Action;27;27;No
Wild Hearts Can't Be Broken;1991;7300000;Disney;United States of America;Live Action;73;89;No
Tinker Bell and the Great Fairy Rescue;2010;7043631;Disney;United Kingdom;Animation;70;76;No
The Misadventures of Merlin Jones;1964;7000000;Disney;United States of America;Live Action;Null;62;No
The Adventures of Bullwhip Griffin;1967;7000000;Disney;United States of America;Live Action;50;41;No
Superdad;1973;7000000;Disney;United States of America;Live Action;Null;36;No
Trenchcoat;1983;7000000;Disney;Malta;Live Action;Null;33;No
Teacher's Pet;2004;6500000;Disney;United States of America;Animation;76;49;No
Bon Voyage!;1962;6500000;Disney;France;Live Action;Null;37;No
Summer Magic;1963;6500000;Disney;United States of America;Live Action;Null;76;No
The Horse in the Gray Flannel Suit;1968;6500000;Disney;United States of America;Live Action;Null;70;No
Treasure Island;1950;6400000;Disney;United Kingdom;Live Action;100;67;No
Rascal;1969;6400000;Disney;Canada;Live Action;Null;44;No
The Straight Story;1999;6230266;Disney;United States of America;Live Action;95;91;No
Winnie the Pooh: Seasons of Giving;1999;6000000;Disney;Null;Animation;Null;62;No
Those Calloways;1965;6000000;Disney;United States of America;Live Action;Null;52;No
The Monkey's Uncle;1965;6000000;Disney;United States of America;Live Action;Null;41;No
Lt. Robin Crusoe, U.S.N.;1966;6000000;Disney;Null;Live Action;Null;42;No
Monkeys, Go Home!;1967;6000000;Disney;United States of America;Live Action;Null;44;No
The Gnome-Mobile;1967;6000000;Disney;United States of America;Live Action;Null;58;No
King of the Grizzlies;1970;6000000;Disney;Canada;Live Action;Null;27;No
One of Our Dinosaurs Is Missing;1975;6000000;Disney;United States of America;Live Action;Null;68;No
Dragonslayer;1981;6000000;Disney;United Kingdom;Live Action;84;63;No
Candleshoe;1978;5700000;Disney;United States of America;Live Action;Null;71;No
Alice in Wonderland;1951;5500000;Disney;United Kingdom;Animation;84;78;Yes
Davy Crockett and the River Pirates;1956;5500000;Disney;United States of America;Live Action;Null;67;No
The Bears and I;1974;5500000;Disney;United States of America;Live Action;Null;27;No
Moon Pilot;1962;5200000;Disney;United States of America;Live Action;Null;50;No
The Moon-Spinners;1964;5000000;Disney;Greece;Live Action;Null;61;No
Pooh's Grand Adventure: The Search for Christopher Robin;1997;4844490;Disney;Null;Animation;38;71;No
The Story of Robin Hood and His Merrie Men;1952;4578000;Disney;United Kingdom;Live Action;Null;64;No
Greyfriars Bobby;1961;4500000;Disney;United Kingdom;Live Action;100;79;No
Hot Lead and Cold Feet;1978;4500000;Disney;United States of America;Live Action;Null;65;No
Unidentified Flying Oddball;1979;4500000;Disney;United Kingdom;Live Action;Null;31;No
Night Crossing;1982;4500000;Disney;Germany;Live Action;Null;66;No
Meet the Deedles;1998;4356126;Disney;United States of America;Live Action;10;37;No
Darby O'Gill and the Little People;1959;4300000;Disney;Ireland;Live Action;100;77;No
One Little Indian;1973;4300000;Disney;United States of America;Live Action;Null;37;No
The Castaway Cowboy;1974;4200000;Disney;United States of America;Live Action;Null;24;No
Amy;1981;3700000;Disney;United States of America;Live Action;Null;75;No
Westward Ho, the Wagons!;1956;3500000;Disney;United States of America;Live Action;Null;38;No
Kidnapped;1960;3500000;Disney;United Kingdom;Live Action;Null;52;No
The Legend of Lobo;1962;3500000;Disney;United States of America;Live Action;Null;33;No
Emil and the Detectives;1964;3500000;Disney;Germany;Live Action;83;45;No
Squanto: A Warrior's Tale;1994;3319344;Disney;Ireland;Live Action;60;55;No
Scandalous John;1971;3300000;Disney;United States of America;Live Action;20;Null;No
Melody Time;1948;3200000;Disney;United States of America;Animation;75;48;Yes
The Sign of Zorro;1958;3200000;Disney;United States of America;Live Action;Null;48;No
A Tiger Walks;1964;3000000;Disney;United States of America;Live Action;Null;54;No
The Littlest Horse Thieves;1976;3000000;Disney;United States of America;Live Action;Null;75;No
Midnight Madness;1980;2900000;Disney;United States of America;Live Action;Null;70;No
Newsies;1992;2706352;Disney;United States of America;Live Action;39;88;No
The Sword and the Rose;1953;2600000;Disney;United Kingdom;Live Action;Null;31;No
Make Mine Music;1946;2560000;Disney;Null;Animation;58;41;Yes
Miracle of the White Stallions;1963;2550000;Disney;Austria;Live Action;Null;71;No
The Adventures of Ichabod and Mr. Toad;1949;2500000;Disney;United Kingdom;Animation;88;71;Yes
Rob Roy, the Highland Rogue;1954;2500000;Disney;United Kingdom;Live Action;Null;35;No
The Great Locomotive Chase;1956;2500000;Disney;United States of America;Live Action;Null;57;No
Third Man on the Mountain;1959;2500000;Disney;United States of America;Live Action;Null;72;No
Ten Who Dared;1960;2500000;Disney;United States of America;Live Action;Null;22;No
Big Red;1962;2500000;Disney;United States of America;Live Action;Null;45;No
Savage Sam;1963;2500000;Disney;United States of America;Live Action;50;47;No
The Three Lives of Thomasina;1963;2500000;Disney;United Kingdom;Live Action;Null;73;No
The Biscuit Eater;1972;2500000;Disney;United States of America;Live Action;Null;48;No
Napoleon and Samantha;1972;2500000;Disney;United States of America;Live Action;Null;44;No
Nikki, Wild Dog of the North;1961;2300000;Disney;Canada;Live Action;Null;56;No
Charlie, the Lonesome Cougar;1967;2300000;Disney;United States of America;Live Action;Null;62;No
Johnny Tremain;1957;2100000;Disney;United States of America;Live Action;Null;49;No
The Brave Little Toaster Goes to Mars;1998;2000000;Disney;United States of America;Animation;50;45;No
Ride a Wild Pony;1976;1900000;Disney;Australia;Live Action;Null;60;No
Ride A Wild Pony;1977;1900000;Disney;United States of America;Live Action;Null;60;No
Bambi;1942;1647000;Disney;Null;Animation;91;73;Yes
The Fighting Prince of Donegal;1966;1600000;Disney;Ireland;Live Action;Null;17;No
Young Woman and the Sea;2024;1536322;Disney;United States of America;Live Action;88;96;No
The Brave Little Toaster;1987;1500000;Disney;United States of America;Animation;79;81;No
Tonka;1958;1500000;Disney;United States of America;Live Action;Null;67;No
Toby Tyler, or Ten Weeks with a Circus;1960;1500000;Disney;United States of America;Live Action;Null;67;No
Almost Angels;1962;1500000;Disney;United States of America;Live Action;Null;62;No
The Light in the Forest;1958;1400000;Disney;United States of America;Live Action;Null;42;No
So Dear to My Heart;1948;1300000;Disney;United States of America;Live Action;Null;50;No
Winnie the Pooh: A Very Merry Pooh Year;2002;1143512;Disney;Null;Animation;Null;71;No
The Littlest Outlaw;1955;1100000;Disney;United States of America;Live Action;85;46;No
The Reluctant Dragon;1941;960000;Disney;United Kingdom;Animation;100;66;No
Endurance;1999;229128;Disney;Ethiopia;Live Action;50;52;No
The Three Caballeros;1945;3355;Disney;Brazil;Animation;85;65;Yes
Fun and Fancy Free;1947;3165;Disney;United States of America;Animation;73;58;Yes
Saludos Amigos;1942;1135;Disney;Peru;Animation;82;40;Yes
